Model Name,Accuracy,Recall,Precision,F1 Score
Random Forest,0.9551820728291317,0.8154908922506947,0.9587542087542087,0.8699690402476781
XGB Classifier,0.9635854341736695,0.8733019450447669,0.9404024767801857,0.9031611893583724
K Nearest Neighbour,0.9355742296918768,0.7831892559431923,0.8740061162079511,0.820143254550632
Decision Tree,0.9215686274509803,0.7222136461870948,0.846867469879518,0.766273849607183
