Model Name,Accuracy,Training accuracy,Recall,Precision,F1 Score
Random Forest,0.9551820728291317,0.9915730337078652,0.8154908922506947,0.9587542087542087,0.8699690402476781
XGB Classifier,0.957983193277311,0.9824438202247191,0.8489117011423278,0.9346634615384615,0.8855598059538821
K Nearest Neighbour,0.9355742296918768,1.0,0.7831892559431923,0.8740061162079511,0.820143254550632
Decision Tree,0.9215686274509803,0.9726123595505618,0.7540521765977153,0.8256976053829408,0.7837487019730011
